X,Y,WHO,COLOR,HEADING,XCOR,YCOR,SHAPE,LABEL,LABELCOLOR,BREED,HIDDEN,SIZE,PENSIZE,PENMODE,NAME,WILNAME,POP,POPTYPE,FORMERBREE
6.593,36.362,826,9.9,222,-116.777404351714125,-20.07742534173510762,circle,,9.9,newsites,false,4.4721359549995796,1,up,Cirta,Cirta (Const),30000,0,orbcities
19.047,47.571,827,9.9,14,16.190471148737231,99.59793329681946261,circle,,9.9,newsites,false,2.5819888974716112,1,up,Aquincum,Aquincum (civil settlement),10000,0,orbcities
3.1,42.15,828,9.9,252,-154.071188607621991,41.71943216562091550,circle,,9.9,newsites,false,2.3094010767585029,1,up,Emporiae,0,8000,0,orbcities
8.75,36.953,829,9.9,1,-93.747718511464114,-13.76748360247327341,circle,,9.9,newsites,false,2.5819888974716112,1,up,Thabraca,Thabraca,10000,0,orbcities
-7.446,37.217,830,9.9,10,-266.667881640202665,-10.94882942452895058,circle,,9.9,newsites,false,2.3094010767585029,1,up,Aesuris,0,8000,0,orbcities
-4.332,51.85,831,9.9,218,-233.420574404904329,145.28361976433444624,circle,,9.9,newsites,false,2.1602468994692869,1,up,Moridunum,0,7000,0,orbcities
32.875,24.983,832,9.9,52,163.828160438944479,-141.56782644335996224,circle,,9.9,newsites,false,3.0550504633038935,1,up,Apollonopolis Magna,0,14000,0,orbcities
22.402,44.708,833,9.9,246,52.010867993446908,69.03048287464247323,circle,,9.9,newsites,false,1.8257418583505538,1,up,Dierna,0,5000,0,orbcities
35.85,34.431,834,9.9,23,195.591403542673646,-40.69417237813884469,circle,,9.9,newsites,false,2.5819888974716112,1,up,Tripolis,0,10000,0,orbcities
24.291,41.018,835,9.9,105,72.179192774268529,29.63338470564736227,circle,,9.9,newsites,false,2.5819888974716112,1,up,Philippi,Philippi,10000,0,orbcities
-1.652,42.8,836,9.9,52,-204.806963810620601,48.65930040677180557,circle,,9.9,newsites,false,2.3094010767585029,1,up,Pompelo,0,8000,0,orbcities
34.816,32.213,837,9.9,59,184.551674679058209,-64.37513816101989050,circle,,9.9,newsites,false,2.5819888974716112,1,up,Apollonia,0,10000,0,orbcities
29.116,37.842,838,9.9,280,123.694368564350242,-4.27587919265307992,circle,,9.9,newsites,false,2.9832867780352594,1,up,Laodicea ad Lycum,Laodiceia ad Lycum/Dispolis/Roas,13350,0,orbcities
31.419,41.282,839,9.9,14,148.282855578766458,32.45203888359168332,circle,,9.9,newsites,false,2.7928480087537881,1,up,Heraclea Pontica,Heraclea (Pontica),11700,0,orbcities
0.52,40.81,840,9.9,320,-181.617127164805595,27.41262686847909080,circle,,9.9,newsites,false,2.3094010767585029,1,up,Dertosa,0,8000,0,orbcities
8.46,36.53,841,9.9,181,-96.843967419054508,-18.28373631940688071,circle,,9.9,newsites,false,2.5819888974716112,1,up,Thuburnica,Thuburnica,10000,0,orbcities
32.95,24.466,842,9.9,324,164.628914466769629,-147.08769087516768082,circle,,9.9,newsites,false,3.0550504633038935,1,up,Omboi,0,14000,0,orbcities
13.874,46.635,843,9.9,346,-39.040203330452975,89.60452302956215931,circle,,9.9,newsites,false,3.1622776601683795,1,up,Santicum,0,15000,0,orbcities
34.546,31.669,844,9.9,231,181.668960178887801,-70.18327404284465842,circle,,9.9,newsites,false,2.5819888974716112,1,up,Ascalon,0,10000,0,orbcities
27.43,37.04,845,9.9,5,105.693418018841896,-12.83860893019619276,circle,,9.9,newsites,false,4.1713307229228418,1,up,Halicarnassus,Halicarnassus,26100,0,orbcities
22.886,37.912,846,9.9,332,57.178400653011565,-3.52850876668297975,circle,,9.9,newsites,false,7.3029674334022152,1,up,Corinthus,Corinth,80000,0,orbcities
-4.519,38.644,847,9.9,294,-235.417121114281571,4.28685054489003203,circle,,9.9,newsites,false,2.3094010767585029,1,up,Sisapo,0,8000,0,orbcities
-0.728,42.845,848,9.9,102,-194.941674187815323,49.13975282346688545,circle,,9.9,newsites,false,2.3094010767585029,1,up,Summus Pyreneus (East),0,8000,0,orbcities
14.484,40.748,849,9.9,193,-32.527403904142126,26.75067020547695407,circle,,9.9,newsites,false,3.1622776601683795,1,up,Pompeii,0,15000,0,orbcities
-9.145,38.726,850,9.9,234,-284.807629550534045,5.16234161531215463,circle,,9.9,newsites,false,2.3094010767585029,1,up,Olisipo,0,8000,0,orbcities
8.706,36.176,851,9.9,52,-94.217494207788178,-22.06329533074136506,circle,,9.9,newsites,false,2.5819888974716112,1,up,Sicca Veneria,Sicca Veneria,10000,0,orbcities
21.897,43.328,852,9.9,86,46.619124206091179,54.29660876266060399,circle,,9.9,newsites,false,1.8257418583505538,1,up,Naissus,0,5000,0,orbcities
-8.499,40.085,853,9.9,143,-277.910468190867164,19.67200459950306524,circle,,9.9,newsites,false,2.3094010767585029,1,up,Conimbriga,0,8000,0,orbcities
-7.851,37.997,854,9.9,152,-270.991953390458207,-2.62098753514785221,circle,,9.9,newsites,false,2.3094010767585029,1,up,Pax Iulia,0,8000,0,orbcities
13.771,45.648,855,9.9,300,-40.139905528666112,79.06660002338384174,circle,,9.9,newsites,false,3.1622776601683795,1,up,Tergeste,0,15000,0,orbcities
18.673,45.549,856,9.9,15,12.197377729982687,78.00960470665465607,circle,,9.9,newsites,false,2.4494897427831779,1,up,Mursa,Mursam,9000,0,orbcities
19.454,41.324,857,9.9,165,20.535896339734798,32.90046113917376402,circle,,9.9,newsites,false,2.3094010767585029,1,up,Dyrrhachium,0,8000,0,orbcities
36.309,33.511,858,9.9,77,200.492018192963229,-50.51675511946007191,circle,,9.9,newsites,false,3.9157800414902435,1,up,Damascus,Damascus,23000,0,orbcities
30.553,25.437,859,9.9,10,139.036815737479259,-136.72059539492533986,circle,,9.9,newsites,false,3.8470768123342691,1,up,Hibis,Hibis,22200,0,orbcities
36.406,35.417,860,9.9,46,201.527660068950382,-30.16692609233142619,circle,,9.9,newsites,false,4.4721359549995796,1,up,Apamea,Apamea,30000,0,orbcities
-1.323,51.068,861,9.9,341,-201.294322808561134,136.93442443421133703,circle,,9.9,newsites,false,2.1602468994692869,1,up,Venta,0,7000,0,orbcities
24.55,37.98,862,9.9,143,74.944463350357893,-2.80249178145490818,circle,,9.9,newsites,false,2.5819888974716112,1,up,Geraistos,0,10000,0,orbcities
6.912,36.885,863,9.9,72,-113.371530553364678,-14.49350058770142091,circle,,9.9,newsites,false,2.5819888974716112,1,up,Rusicade,Rusicade,10000,0,orbcities
7.983,36.29,864,9.9,237,-101.936763036022171,-20.84614920844723684,circle,,9.9,newsites,false,2.5819888974716112,1,up,Thagaste,Thagaste,10000,0,orbcities
30.804,27.778,865,9.9,333,141.716672550600578,-111.72639300641110083,circle,,9.9,newsites,false,4.9732618404155371,1,up,Hermopolis Magna,Hermopolis Magna,37100,0,orbcities
4.627,43.687,866,9.9,210,-137.767836601102857,58.12955137585004906,circle,,9.9,newsites,false,2.5819888974716112,1,up,Arelate,Arelate,10000,0,orbcities
24.472,43.707,867,9.9,24,74.111679161419801,58.34308578327011219,circle,,9.9,newsites,false,2.3094010767585029,1,up,Oescus,0,8000,0,orbcities
4.834,36.668,868,9.9,275,-135.557755484305574,-16.81034890820870942,circle,,9.9,newsites,false,2.5819888974716112,1,up,Tubusuctu,Tubusuctu,10000,0,orbcities
30.528,39.814,869,9.9,8,138.769897728204199,16.77861337896167981,circle,,9.9,newsites,false,2.5819888974716112,1,up,Dorylaion,0,10000,0,orbcities
22.57,36.76,870,9.9,64,53.804557015775138,-15.82809063407659522,circle,,9.9,newsites,false,2.5819888974716112,1,up,Gythion,0,10000,0,orbcities
9.135,36.341,871,9.9,266,-89.637181168628587,-20.30163646952614442,circle,,9.9,newsites,false,2.5819888974716112,1,up,Musti,Thubursicu B.,10000,0,orbcities
6.943,50.944,872,9.9,305,-113.040552221863635,135.61051110820721988,circle,,9.9,newsites,false,3.6514837167011076,1,up,Ara Agrippinensium,Col. Claudia Ara Agrippina,20000,0,orbcities
32.652,25.701,873,9.9,83,161.447251796211191,-133.90194121698095842,circle,,9.9,newsites,false,3.0550504633038935,1,up,Thebai,0,14000,0,orbcities
36.749,35.143,874,9.9,106,205.189775156203893,-33.09234747398581789,circle,,9.9,newsites,false,2.5819888974716112,1,up,Epiphaneia,0,10000,0,orbcities
16.097,38.675,875,9.9,212,-15.305853945716869,4.61782887639106310,circle,,9.9,newsites,false,3.1622776601683795,1,up,Vibo Valentia,0,15000,0,orbcities
16.37,45.482,876,9.9,311,-12.391109284433492,77.29426444179756572,circle,,9.9,newsites,false,2.0000000000000000,1,up,Siscia,Siscia,6000,0,orbcities
9.128,35.257,877,9.9,54,-89.711918211225594,-31.87520135169168967,circle,,9.9,newsites,false,2.5819888974716112,1,up,Sufetula,Sufetula,10000,0,orbcities
34.898,32.508,878,9.9,27,185.427165749480338,-61.22550565157446556,circle,,9.9,newsites,false,7.0710678118654755,1,up,Caesarea Maritima,Caesarea Maritima,75000,0,orbcities
-3.523,50.723,879,9.9,128,-224.783107624764199,133.25095590621586439,circle,,9.9,newsites,false,2.1602468994692869,1,up,Isca,0,7000,0,orbcities
4.031,49.262,880,9.9,82,-144.131161942219705,117.65226744418283999,circle,,9.9,newsites,false,1.8257418583505538,1,up,Durocortorum,Remi,5000,0,orbcities
13.364,45.767,881,9.9,358,-44.485330719663679,80.33712974753299818,circle,,9.9,newsites,false,2.8284271247461903,1,up,Aquileia,Aquileia,12000,0,orbcities
24.735,42.146,882,9.9,347,76.919656618993145,41.67672528413693556,circle,,9.9,newsites,false,2.3094010767585029,1,up,Philippopolis,0,8000,0,orbcities
35.234,31.776,883,9.9,98,189.014543794136785,-69.04086496314751287,circle,,9.9,newsites,false,3.8297084310253524,1,up,Ierusalem,Jerusalem,22000,0,orbcities
21.74,38.26,884,9.9,145,44.942879107843957,0.18698992242549392,circle,,9.9,newsites,false,2.3094010767585029,1,up,Patrae,Patras,8000,0,orbcities
-0.592,53.687,885,9.9,15,-193.489640217359124,164.89675508586398678,circle,,9.9,newsites,false,2.1602468994692869,1,up,Petuaria,0,7000,0,orbcities
37.032,39.748,886,9.9,232,208.211287021197222,16.07394983447556314,circle,,9.9,newsites,false,2.5819888974716112,1,up,Sebasteia,0,10000,0,orbcities
5.363,43.305,887,9.9,241,-129.909770408045830,54.05104419412754169,circle,,9.9,newsites,false,3.1622776601683795,1,up,Massilia,Massilia,15000,0,orbcities
35.042,42.049,888,9.9,23,186.964613482904525,40.64108340814978959,circle,,9.9,newsites,false,2.5819888974716112,1,up,Sinope,0,10000,0,orbcities
34.15,36.46,889,9.9,157,177.440978911971257,-19.03110674537698088,circle,,9.9,newsites,false,2.5819888974716112,1,up,Corycus,0,10000,0,orbcities
27.59,37.19,890,9.9,285,107.401693278202117,-11.23710087454599993,circle,,9.9,newsites,false,1.8439088914585775,1,up,Bargylia,Iasos,5100,0,orbcities
5.394,36.192,891,9.9,262,-129.578792076544801,-21.89246780480536358,circle,,9.9,newsites,false,2.5819888974716112,1,up,Sitifis,Sitifis,10000,0,orbcities
-4.024,39.857,892,9.9,59,-230.132144530635912,17.23771235491473064,circle,,9.9,newsites,false,2.3094010767585029,1,up,Toletum,0,8000,0,orbcities
21.867,32.824,893,9.9,257,46.298822594961166,-57.85166201433807487,circle,,9.9,newsites,false,4.0824829046386304,1,up,Cyrene,Cyrene,25000,0,orbcities
19.28,42.479,894,9.9,186,18.678146995180562,45.23207316768038311,circle,,9.9,newsites,false,1.8257418583505538,1,up,Doclea,Doclea,5000,0,orbcities
-0.586,44.856,895,9.9,358,-193.425579895133097,70.61063748955072583,circle,,9.9,newsites,false,3.1622776601683795,1,up,Burdigala,Burdigala,15000,0,orbcities
27.181,39.14,896,9.9,172,103.034914646462568,9.58250384890674667,circle,,9.9,newsites,false,4.6797435827190359,1,up,Pergamum,Pergamum,32850,0,orbcities
9.156,45.185,897,9.9,319,-89.412970040837550,74.12327849161017923,circle,,9.9,newsites,false,3.1622776601683795,1,up,Ticinum,0,15000,0,orbcities
26.694,40.351,898,9.9,17,97.835351825784869,22.51201221818941889,circle,,9.9,newsites,false,2.5166114784235831,1,up,Lampsacus,0,9500,0,orbcities
-1.299,52.487,899,9.9,47,-201.038081519657112,152.08469064066235887,circle,,9.9,newsites,false,2.1602468994692869,1,up,Venonis,0,7000,0,orbcities
-2.926,38.558,900,9.9,94,-218.409105563276398,3.36865259298392816,circle,,9.9,newsites,false,2.3094010767585029,1,up,Mariana,0,8000,0,orbcities
10.03,44.065,901,9.9,146,-80.081516436582334,62.16535167608857648,circle,,9.9,newsites,false,3.1622776601683795,1,up,Luna,0,15000,0,orbcities
24.71,40.78,902,9.9,289,76.652738609718128,27.09232525734903518,circle,,9.9,newsites,false,2.3094010767585029,1,up,Thasos,0,8000,0,orbcities
23.59,46.067,903,9.9,22,64.694811794196553,83.54014585883338384,circle,,9.9,newsites,false,2.3094010767585029,1,up,Apulum,0,8000,0,orbcities
25.159,31.562,904,9.9,18,81.446586056297733,-71.32568312254180398,circle,,9.9,newsites,false,3.0550504633038935,1,up,Catabathmus Maior,0,14000,0,orbcities
2.159,41.361,905,9.9,288,-164.117982476734312,33.29549979290080586,circle,,9.9,newsites,false,2.3094010767585029,1,up,Barcino,0,8000,0,orbcities
28.065,38.476,906,9.9,335,112.473135454427805,2.49316152256180645,circle,,9.9,newsites,false,5.9665735560705189,1,up,Sardis,Sardis,53400,0,orbcities
7.727,47.544,907,9.9,22,-104.670003450998536,99.30966184680241327,circle,,9.9,newsites,false,2.3094010767585029,1,up,Augusta Raurica,Augusta Raurica,8000,0,orbcities
7.765,48.594,908,9.9,305,-104.264288076900485,110.52021823635392650,circle,,9.9,newsites,false,2.3094010767585029,1,up,Argentorate,Argentorate (Strasbourg),8000,0,orbcities
8.596,34.986,909,9.9,89,-95.391933448598323,-34.76859257223307509,circle,,9.9,newsites,false,2.5819888974716112,1,up,Thelepte,Thelepte,10000,0,orbcities
11.876,45.409,910,9.9,277,-60.372290631713767,76.51486385471446283,circle,,9.9,newsites,false,4.4721359549995796,1,up,Patavium,Patavium,30000,0,orbcities
6.472,35.503,911,9.9,202,-118.069287516605272,-29.24872814042532454,circle,,9.9,newsites,false,2.5819888974716112,1,up,Thamugadi,Thamugadi,10000,0,orbcities
28.643,44.188,912,9.9,260,118.644279828866601,63.47858828172179813,circle,,9.9,newsites,false,2.3094010767585029,1,up,Tomis,0,8000,0,orbcities
31.276,30.003,913,9.9,68,146.756084565713252,-87.97069018093297643,circle,,9.9,newsites,false,9.1287092917527684,1,up,Memphis,Memphis,125000,0,orbcities
13.318,38.117,914,9.9,290,-44.976459856729754,-1.33978109062771256,circle,,9.9,newsites,false,2.3094010767585029,1,up,Panormus,Panormus,8000,0,orbcities
33.911,35.177,915,9.9,120,174.889242743301935,-32.72933898137178232,circle,,9.9,newsites,false,3.6514837167011076,1,up,Salamis,Salamis,20000,0,orbcities
30.7,36.894,916,9.9,146,140.606293632016445,-14.39741010436240565,circle,,9.9,newsites,false,2.5819888974716112,1,up,Attalea,0,10000,0,orbcities
-4.422,36.715,917,9.9,83,-234.381479238294474,-16.30854305077160049,circle,,9.9,newsites,false,2.3094010767585029,1,up,Malaca,0,8000,0,orbcities
30.171,38.074,918,9.9,183,134.958308555756702,-1.79888006658076449,circle,,9.9,newsites,false,2.5819888974716112,1,up,Apamea (Pisidia),0,10000,0,orbcities
26.35,36.55,919,9.9,234,94.162560018160406,-18.07020191198689574,circle,,9.9,newsites,false,2.5819888974716112,1,up,Astypaleia,0,10000,0,orbcities
26.152,39.76,920,9.9,311,92.048569384702134,16.20207047892758467,circle,,9.9,newsites,false,5.2725705305856270,1,up,Alexandria Troas,Col. Augusta/Alexandria Troas/Antigoneia,41700,0,orbcities
13.768,41.241,921,9.9,120,-40.171935689779119,32.01429334838066154,circle,,9.9,newsites,false,3.1622776601683795,1,up,Minturnae,0,15000,0,orbcities
32.805,26.006,922,9.9,175,163.080790012974376,-130.64554150382554099,circle,,9.9,newsites,false,3.0550504633038935,1,up,Coptos,0,14000,0,orbcities
27.276,37.531,923,9.9,120,104.049203081707688,-7.59633922803451256,circle,,9.9,newsites,false,3.1144823004794873,1,up,Miletus,Miletus,14550,0,orbcities
12.515,42.519,924,9.9,199,-53.549866314643864,45.65914198252043121,circle,,9.9,newsites,false,3.1622776601683795,1,up,Narnia,0,15000,0,orbcities
-2.372,51.395,925,9.9,69,-212.494202477741595,140.42571199552884309,circle,,9.9,newsites,false,2.1602468994692869,1,up,Aquae Sulis,0,7000,0,orbcities
-4.043,43.432,926,9.9,102,-230.335002217684917,55.40698768124474327,circle,,9.9,newsites,false,2.3094010767585029,1,up,Portus Blendium,0,8000,0,orbcities
21.192,42.598,927,9.9,181,39.092036344535217,46.50260289182954665,circle,,9.9,newsites,false,1.8257418583505538,1,up,Ulpiana,0,5000,0,orbcities
12.407,45.542,928,9.9,303,-54.702952114712019,77.93486766405767696,circle,,9.9,newsites,false,3.1622776601683795,1,up,Altinum,0,15000,0,orbcities
-2.329,53.464,929,9.9,92,-212.035103501788541,162.51584644313066974,circle,,9.9,newsites,false,2.1602468994692869,1,up,Mamucio,0,7000,0,orbcities
28.23,36.44,930,9.9,240,114.234794315643015,-19.24464115279704401,circle,,9.9,newsites,false,5.1639777949432224,1,up,Rhodos,Rhodes,40000,0,orbcities
16.916,48.121,931,9.9,334,-6.561619961866738,105.47012950087027150,circle,,9.9,newsites,false,2.8284271247461903,1,up,Carnuntum,Carnuntum,12000,0,orbcities
4.878,45.524,932,9.9,209,-135.087979787981510,77.74268669737963933,circle,,9.9,newsites,false,2.3094010767585029,1,up,Vienna,Vienna,8000,0,orbcities
27.892,40.381,933,9.9,202,110.626062830244535,22.83231382931947095,circle,,9.9,newsites,false,4.0987803063838397,1,up,Cyzicus,Cyzicus,25200,0,orbcities
36.169,36.208,934,9.9,122,198.997277341023050,-21.72164027886935855,circle,,9.9,newsites,false,12.9099444873580556,1,up,Antiochia,Antioch,250000,0,orbcities
0.627,44.203,935,9.9,268,-180.474718085108435,63.63873908728682238,circle,,9.9,newsites,false,2.3094010767585029,1,up,Aginnum,0,8000,0,orbcities
27.29,36.89,936,9.9,22,104.198677166901703,-14.44011698584638737,circle,,9.9,newsites,false,2.5819888974716112,1,up,Kos,0,10000,0,orbcities
15.228,44.114,937,9.9,359,-24.583923948117096,62.68851097426763630,circle,,9.9,newsites,false,4.4721359549995796,1,up,Iader,Iader,30000,0,orbcities
27.37,36.69,938,9.9,233,105.052814796581828,-16.57546106004669539,circle,,9.9,newsites,false,3.0495901363953815,1,up,Cnidus,Cnidus,13950,0,orbcities
-1.558,47.214,939,9.9,42,-203.803352095746476,95.78634412437196488,circle,,9.9,newsites,false,2.3094010767585029,1,up,Civitas Namnetum,0,8000,0,orbcities
-2.936,54.894,940,9.9,92,-218.515872766986377,177.78355657366265064,circle,,9.9,newsites,false,2.1602468994692869,1,up,Luguvalium,0,7000,0,orbcities
32.567,31.043,941,9.9,164,160.539730564676063,-76.86690099509154095,circle,,9.9,newsites,false,3.0550504633038935,1,up,Pelusium,0,14000,0,orbcities
27.141,38.427,942,9.9,313,102.607845831622484,1.97000222438274353,circle,,9.9,newsites,false,2.5819888974716112,1,up,Smyrna,0,10000,0,orbcities
10.312,36.846,943,9.9,179,-77.070681291959943,-14.90989268217049180,circle,,9.9,newsites,false,14.1421356237309510,1,up,Carthago,Carthage,300000,0,orbcities
10.924,44.646,944,9.9,341,-70.536528424907090,68.36852621164041466,circle,,9.9,newsites,false,3.1622776601683795,1,up,Mutina,0,15000,0,orbcities
4.818,45.758,945,9.9,73,-135.728583010241607,80.24103926419398647,circle,,9.9,newsites,false,4.0824829046386304,1,up,Lugdunum,Lugdunum,25000,0,orbcities
31.187,27.183,946,9.9,73,145.805856452694144,-118.07904162715691143,circle,,9.9,newsites,false,3.0550504633038935,1,up,Lykopolis,0,14000,0,orbcities
35.464,30.325,947,9.9,39,191.470189479467081,-84.53278622147054477,circle,,9.9,newsites,false,2.5819888974716112,1,up,Petra,Petra,10000,0,orbcities
30.626,28.672,948,9.9,306,139.816216324562362,-102.18140499473582850,circle,,9.9,newsites,false,4.4721359549995796,1,up,Oxyrhynchus,Oxyrhynchus,30000,0,orbcities
29.331,36.36,949,9.9,323,125.989863444115542,-20.09877878247713667,circle,,9.9,newsites,false,2.5819888974716112,1,up,Xanthos,0,10000,0,orbcities
29.519,37.158,950,9.9,300,127.997086873863793,-11.57875592641800644,circle,,9.9,newsites,false,2.5819888974716112,1,up,Cibyra,0,10000,0,orbcities
12.055,45.054,951,9.9,311,-58.461157685304514,72.72462812300899770,circle,,9.9,newsites,false,3.1622776601683795,1,up,Atria,0,15000,0,orbcities
-1.966,42.303,952,9.9,51,-208.159454007115045,43.35297038238411460,circle,,9.9,newsites,false,2.3094010767585029,1,up,Calagurris,0,8000,0,orbcities
32.553,25.295,953,9.9,238,160.390256479482019,-138.23668968760750886,circle,,9.9,newsites,false,3.5118845842842465,1,up,Latopolis,Aphroditopolis,18500,0,orbcities
-2.93,51.741,954,9.9,249,-218.451812444760378,144.11985724389529651,circle,,9.9,newsites,false,2.1602468994692869,1,up,Burrio,0,7000,0,orbcities
25.04,31.92,955,9.9,138,80.176056332148562,-67.50341722972329705,circle,,9.9,newsites,false,3.0550504633038935,1,up,Kardamis,0,14000,0,orbcities
34.901,36.915,956,9.9,70,185.459195910593337,-14.17319897657136707,circle,,9.9,newsites,false,2.5819888974716112,1,up,Tarsus,0,10000,0,orbcities
15.869,46.419,957,9.9,242,-17.740146190305204,87.29835142942584980,circle,,9.9,newsites,false,2.0000000000000000,1,up,Poetovio,Poetovio,6000,0,orbcities
29.91,31.2,958,9.9,106,132.171684538925348,-75.19065589684431927,circle,,9.9,newsites,false,18.2574185835055367,1,up,Alexandria,Alexandria,500000,0,orbcities
1.318,51.302,959,9.9,159,-173.097104308746452,139.43277700102566996,circle,,9.9,newsites,false,2.1602468994692869,1,up,Rutupiae,0,7000,0,orbcities
0.099,38.837,960,9.9,287,-186.112026440997170,6.34745757649335385,circle,,9.9,newsites,false,2.3094010767585029,1,up,Dianium,0,8000,0,orbcities
23.45,32.17,961,9.9,95,63.200070942256353,-64.83423713697294488,circle,,9.9,newsites,false,3.0550504633038935,1,up,Petras Mikros,0,14000,0,orbcities
8.143,35.409,962,9.9,279,-100.228487776661950,-30.25233985529946779,circle,,9.9,newsites,false,2.5819888974716112,1,up,Theveste,Theveste,10000,0,orbcities
8.256,50.007,963,9.9,284,-99.022018374738806,125.60642412057885053,circle,,9.9,newsites,false,3.1622776601683795,1,up,Mogontiacum,Moguntiacum (Mainz),15000,0,orbcities
21.831,38.399,964,9.9,251,45.914460661605098,1.67105405399471851,circle,,9.9,newsites,false,2.5819888974716112,1,up,Naupactus,0,10000,0,orbcities
14.505,46.05,965,9.9,73,-32.303192776351089,83.35864161252632698,circle,,9.9,newsites,false,2.0000000000000000,1,up,Emona,Emona,6000,0,orbcities
7.754,36.888,966,9.9,102,-104.381732000981501,-14.46147042658841642,circle,,9.9,newsites,false,2.5819888974716112,1,up,Hippo Regius,Hippo Regius,10000,0,orbcities
34.048,38.384,967,9.9,117,176.351953434129143,1.51090324842969159,circle,,9.9,newsites,false,2.5819888974716112,1,up,Archelais,0,10000,0,orbcities
27.225,31.356,968,9.9,236,103.504690342786631,-73.52508751896807837,circle,,9.9,newsites,false,3.0550504633038935,1,up,Paraetonium,0,14000,0,orbcities
-4.112,43.0,969,9.9,82,-231.071695923284040,50.79464448097211715,circle,,9.9,newsites,false,2.3094010767585029,1,up,Iuliobriga,0,8000,0,orbcities
4.809,44.137,970,9.9,134,-135.824673493580605,62.93407554280070570,circle,,9.9,newsites,false,2.5819888974716112,1,up,Arausio,Arausio,10000,0,orbcities
30.856,36.967,971,9.9,102,142.271862009892686,-13.61800951727929920,circle,,9.9,newsites,false,2.5819888974716112,1,up,Perge,0,10000,0,orbcities
12.287,41.754,972,9.9,186,-55.984158559232178,37.49145089870435754,circle,,9.9,newsites,false,5.1639777949432224,1,up,Ostia/Portus,Ostia,40000,0,orbcities
20.95,32.707,973,9.9,215,36.508270014752867,-59.10083829774521291,circle,,9.9,newsites,false,4.4721359549995796,1,up,Ptolemais,Ptolemais,30000,0,orbcities
-3.625,38.037,974,9.9,151,-225.872133102606341,-2.19391872030780588,circle,,9.9,newsites,false,2.3094010767585029,1,up,Castulo,0,8000,0,orbcities
21.233,44.736,975,9.9,118,39.529781879746274,69.32943104503050336,circle,,9.9,newsites,false,2.8867513459481291,1,up,Viminacium,Viminacium,12500,0,orbcities
23.194,47.168,976,9.9,26,60.466830527279988,95.29521498730591134,circle,,9.9,newsites,false,2.3094010767585029,1,up,Porolissum,0,8000,0,orbcities
34.458,31.51,977,9.9,137,180.729408786239674,-71.88087258183387007,circle,,9.9,newsites,false,2.5819888974716112,1,up,Gaza,0,10000,0,orbcities
39.718,41.002,978,9.9,188,236.888957937707062,29.46255717971136079,circle,,9.9,newsites,false,2.5819888974716112,1,up,Trapezus,0,10000,0,orbcities
27.526,37.859,979,9.9,333,106.718383174458026,-4.09437494634602484,circle,,9.9,newsites,false,2.5819888974716112,1,up,Magnesia,0,10000,0,orbcities
28.63,36.83,980,9.9,251,118.505482464043567,-15.08072020810649505,circle,,9.9,newsites,false,2.5819888974716112,1,up,Caunus,0,10000,0,orbcities
-6.293,36.529,981,9.9,71,-254.357623052438043,-18.29441303977785793,circle,,9.9,newsites,false,2.3094010767585029,1,up,Gades,0,8000,0,orbcities
-6.347,38.915,982,9.9,352,-254.934165952472142,7.18024176543141834,circle,,9.9,newsites,false,2.3094010767585029,1,up,Emerita Augusta,0,8000,0,orbcities
15.619,41.315,983,9.9,37,-20.409326283055552,32.80437065583474521,circle,,9.9,newsites,false,3.1622776601683795,1,up,Herdoniae,0,15000,0,orbcities
30.607,30.854,984,9.9,56,139.613358637513329,-78.88480114521080111,circle,,9.9,newsites,false,1.9866219234335121,1,up,Naucratis,Naukratis,5920,0,orbcities
22.416,39.639,985,9.9,201,52.160342078640923,14.91018731403646669,circle,,9.9,newsites,false,2.5819888974716112,1,up,Larissa,0,10000,0,orbcities
-6.049,42.462,986,9.9,162,-251.752503281913732,45.05056892137340441,circle,,9.9,newsites,false,2.3094010767585029,1,up,Asturica,0,8000,0,orbcities
14.233,40.84,987,9.9,7,-35.207260717263473,27.73292847960914642,circle,,9.9,newsites,false,4.4721359549995796,1,up,Neapolis,Puteoli,30000,0,orbcities
9.501,40.929,988,9.9,257,-85.729501512842077,28.68315659262825434,circle,,9.9,newsites,false,2.0000000000000000,1,up,Olbia,Olbia,6000,0,orbcities
23.59,38.46,989,9.9,183,64.694811794196553,2.32233399662580275,circle,,9.9,newsites,false,2.5819888974716112,1,up,Chalcis,0,10000,0,orbcities
31.398,36.775,990,9.9,297,148.058644450975436,-15.66793982851156741,circle,,9.9,newsites,false,1.9748417658131499,1,up,Side,Side,5850,0,orbcities
27.437,43.315,991,9.9,196,105.768155061438918,54.15781139783753417,circle,,9.9,newsites,false,2.3094010767585029,1,up,Marcianopolis,0,8000,0,orbcities
12.485,41.891,992,9.9,253,-53.870167925773920,38.95416158953155161,circle,,9.9,newsites,false,25.8198889747161111,1,up,Roma,Rome,1000000,0,orbcities
-5.571,42.605,993,9.9,143,-246.649030944575031,46.57733993442653286,circle,,9.9,newsites,false,2.3094010767585029,1,up,Legio VII,0,8000,0,orbcities
23.543,38.045,994,9.9,319,64.193005936759477,-2.10850495733976606,circle,,9.9,newsites,false,2.5819888974716112,1,up,Eleusis,0,10000,0,orbcities
9.526,42.124,995,9.9,185,-85.462583503567032,41.44183743597491798,circle,,9.9,newsites,false,2.0000000000000000,1,up,Aleria,Aleria,6000,0,orbcities
-8.424,41.551,996,9.9,112,-277.109714163042042,35.32407666339111785,circle,,9.9,newsites,false,2.3094010767585029,1,up,Bracara Augusta,0,8000,0,orbcities
13.605,41.255,997,9.9,133,-41.912241110252346,32.16376743357471213,circle,,9.9,newsites,false,3.1622776601683795,1,up,Formiae,0,15000,0,orbcities
14.4,35.88,998,9.9,316,-33.424248415306245,-25.22360456055777078,circle,,9.9,newsites,false,2.3094010767585029,1,up,Melita,0,8000,0,orbcities
35.521,33.898,999,9.9,296,192.078762540614179,-46.38486433588252567,circle,,9.9,newsites,false,5.7735026918962582,1,up,Berytus,Berytus,50000,0,orbcities
28.985,41.018,1000,9.9,177,122.295718195749060,29.63338470564736227,circle,,9.9,newsites,false,2.8284271247461903,1,up,Constantinopolis,Byzantium,12000,0,orbcities
8.416,45.33,1001,9.9,112,-97.313743115378571,75.67140294540534740,circle,,9.9,newsites,false,3.1622776601683795,1,up,Vercellae,0,15000,0,orbcities
17.99,40.06,1002,9.9,82,4.905177716588737,19.40508659022804494,circle,,9.9,newsites,false,3.1622776601683795,1,up,Kallipolis-Anxa,0,15000,0,orbcities
34.892,31.965,1003,9.9,93,185.363105427254339,-67.02296481302825271,circle,,9.9,newsites,false,2.5819888974716112,1,up,Lydda,0,10000,0,orbcities
18.36,39.8,1004,9.9,340,8.855564253859264,16.62913929376762923,circle,,9.9,newsites,false,3.1622776601683795,1,up,Sallentinum Pr.,0,15000,0,orbcities
36.203,34.014,1005,9.9,5,199.360285833637164,-45.14636477284636840,circle,,9.9,newsites,false,2.5819888974716112,1,up,Heliopolis (Baalbek),0,10000,0,orbcities
21.45,37.61,1006,9.9,296,41.846630200253564,-6.75287831872539623,circle,,9.9,newsites,false,2.5819888974716112,1,up,Alpheos (river),0,10000,0,orbcities
1.23,41.115,1007,9.9,74,-174.036655701394579,30.66902658163451179,circle,,9.9,newsites,false,2.3094010767585029,1,up,Tarraco,0,8000,0,orbcities
11.16,35.23,1008,9.9,327,-68.016822417350753,-32.16347280170873546,circle,,9.9,newsites,false,2.5819888974716112,1,up,Caput Vada,Acholla,10000,0,orbcities
16.5,43.531,1009,9.9,82,-11.003135636203321,56.46398299797384368,circle,,9.9,newsites,false,4.0824829046386304,1,up,Salona,Salona,25000,0,orbcities
10.994,45.439,1010,9.9,280,-69.789157998936986,76.83516546584451135,circle,,9.9,newsites,false,3.1622776601683795,1,up,Verona,0,15000,0,orbcities
15.557,38.192,1011,9.9,331,-21.071282946057632,-0.53902706280257773,circle,,9.9,newsites,false,2.3094010767585029,1,up,Messana,0,8000,0,orbcities
33.49,26.807,1012,9.9,216,170.394343467110360,-122.09348848665345599,circle,,9.9,newsites,false,3.0550504633038935,1,up,Klaudianon,0,14000,0,orbcities
25.844,40.161,1013,9.9,125,88.760139510433703,20.48343534769917795,circle,,9.9,newsites,false,2.5819888974716112,1,up,Imbros,0,10000,0,orbcities
-6.035,37.438,1014,9.9,236,-251.603029196719717,-8.58927422253760398,circle,,9.9,newsites,false,2.3094010767585029,1,up,Italica,0,8000,0,orbcities
12.484,32.805,1015,9.9,193,-53.880844646144915,-58.05451970138708617,circle,,9.9,newsites,false,2.5819888974716112,1,up,Sabratha,Sabratha,10000,0,orbcities
14.45,36.85,1016,9.9,263,-32.890412396756183,-14.86718580068643369,circle,,9.9,newsites,false,2.3094010767585029,1,up,Camarina,0,8000,0,orbcities
-4.78,37.884,1017,9.9,300,-238.203745131112981,-3.82745693707100498,circle,,9.9,newsites,false,2.3094010767585029,1,up,Corduba,0,8000,0,orbcities
14.292,32.637,1018,9.9,162,-34.577334215374400,-59.84820872371530953,circle,,9.9,newsites,false,7.7459666924148340,1,up,Lepcis Magna,Lepcis Magna,90000,0,orbcities
-5.798,35.792,1019,9.9,304,-249.072646468792385,-26.16315595320590504,circle,,9.9,newsites,false,2.5819888974716112,1,up,Tingi,Tingi,10000,0,orbcities
15.295,37.072,1020,9.9,76,-23.868583683259999,-12.49695387832410987,circle,,9.9,newsites,false,7.7459666924148340,1,up,Syracusae,Syracuse,90000,0,orbcities
25.544,29.205,1021,9.9,267,85.557123399133275,-96.49071303699211910,circle,,9.9,newsites,false,3.0550504633038935,1,up,Ammon,0,14000,0,orbcities
-5.415,42.533,1022,9.9,206,-244.983462566698847,45.80861606771448180,circle,,9.9,newsites,false,2.3094010767585029,1,up,Lancia,0,8000,0,orbcities
4.357,43.843,1023,9.9,299,-140.650551101273237,59.79511975372632548,circle,,9.9,newsites,false,2.8284271247461903,1,up,Nemausus,Nemausus,12000,0,orbcities
26.94,37.69,1024,9.9,149,100.461825037051227,-5.89874068904530269,circle,,9.9,newsites,false,2.5819888974716112,1,up,Samos,0,10000,0,orbcities
6.681,49.761,1025,9.9,314,-115.837852959065984,122.97995090931256357,circle,,9.9,newsites,false,2.5819888974716112,1,up,Augusta Treverorum,Col. Augusta Treverorum,10000,0,orbcities
14.213,42.464,1026,9.9,104,-35.420795124683515,45.07192236211535885,circle,,9.9,newsites,false,3.1622776601683795,1,up,Aternum,0,15000,0,orbcities
31.18,38.301,1027,9.9,181,145.731119410097108,0.62473545763659288,circle,,9.9,newsites,false,2.0493901531919199,1,up,Caesarea (Phrygia),Col. Caesarea/Antiochia,6300,0,orbcities
31.252,29.407,1028,9.9,135,146.499843276809202,-94.33401552204981044,circle,,9.9,newsites,false,3.0550504633038935,1,up,Aphroditopolis,0,14000,0,orbcities
-5.997,37.382,1029,9.9,133,-251.197313822621652,-9.18717056331372994,circle,,9.9,newsites,false,2.3094010767585029,1,up,Hispalis,0,8000,0,orbcities
31.295,30.124,1030,9.9,106,146.958942252762313,-86.67880701604183002,circle,,9.9,newsites,false,3.0550504633038935,1,up,Heliopolis,0,14000,0,orbcities
32.414,34.758,1031,9.9,292,158.906192347912850,-37.20288481682133153,circle,,9.9,newsites,false,3.1622776601683795,1,up,Paphos,Paphos,15000,0,orbcities
10.644,35.837,1032,9.9,129,-73.526010128787476,-25.68270353651082516,circle,,9.9,newsites,false,4.5460605656619517,1,up,Hadrumetum,Hadrumetum,31000,0,orbcities
14.026,48.163,1033,9.9,51,-37.417341834060771,105.91855175645227405,circle,,9.9,newsites,false,3.1622776601683795,1,up,Ovilava,Ovilava,15000,0,orbcities
29.723,40.436,1034,9.9,34,130.175137829548078,23.41953344972454332,circle,,9.9,newsites,false,3.9874804074753771,1,up,Nicaea,Nicaea,23850,0,orbcities
35.504,32.507,1035,9.9,139,191.897258294307136,-61.23618237194551739,circle,,9.9,newsites,false,2.5819888974716112,1,up,Scythopolis,0,10000,0,orbcities
0.625,41.613,1036,9.9,187,-180.496071525850425,35.98603332639318353,circle,,9.9,newsites,false,2.3094010767585029,1,up,Ilerda,0,8000,0,orbcities
27.26,44.116,1037,9.9,97,103.878375555771683,62.70986441500966890,circle,,9.9,newsites,false,2.3094010767585029,1,up,Durostorum,0,8000,0,orbcities
2.196,36.606,1038,9.9,264,-163.722943823007256,-17.47230557121077155,circle,,9.9,newsites,false,6.4807406984078604,1,up,Iol Caesarea,Iol Caesarea,63000,0,orbcities
-0.992,37.605,1039,9.9,359,-197.760328365759705,-6.80626192058043067,circle,,9.9,newsites,false,2.3094010767585029,1,up,Carthago Nova,0,8000,0,orbcities
23.837,40.814,1040,9.9,244,67.331961725833892,27.45533374996307430,circle,,9.9,newsites,false,2.3094010767585029,1,up,Amphipolis,0,8000,0,orbcities
-1.604,41.381,1041,9.9,119,-204.294481232812529,33.50903420032086188,circle,,9.9,newsites,false,2.3094010767585029,1,up,Bilbilis,0,8000,0,orbcities
27.348,37.939,1042,9.9,9,104.817926948419782,-3.24023731666593129,circle,,9.9,newsites,false,4.7328638264796927,1,up,Ephesus,Ephesus,33600,0,orbcities
34.999,29.531,1043,9.9,305,186.505514506951471,-93.01010219604565066,circle,,9.9,newsites,false,2.5819888974716112,1,up,Aelana,Aqaba,10000,0,orbcities
30.839,29.317,1044,9.9,11,142.090357763585644,-95.29492035543994177,circle,,9.9,newsites,false,3.0550504633038935,1,up,Krokodilopolis,0,14000,0,orbcities
35.198,33.277,1045,9.9,235,188.630181860780738,-53.01510768627441195,circle,,9.9,newsites,false,2.5819888974716112,1,up,Tyrus,0,10000,0,orbcities
2.34,48.85,1046,9.9,192,-162.185496089583040,113.25345865133027701,circle,,9.9,newsites,false,2.3094010767585029,1,up,Lutetia,Lutetia Paris,8000,0,orbcities
4.889,44.929,1047,9.9,136,-134.970535863900494,71.39003807663382872,circle,,9.9,newsites,false,1.8257418583505538,1,up,Valentia,Valentia,5000,0,orbcities
30.941,29.086,1048,9.9,1,143.179383241427786,-97.76124276114127554,circle,,9.9,newsites,false,4.3204937989385739,1,up,Herakleopolis,Herakleopolis Magna,28000,0,orbcities
32.873,39.947,1049,9.9,290,163.806806998202461,18.19861718830489394,circle,,9.9,newsites,false,2.5819888974716112,1,up,Ancyra,0,10000,0,orbcities
6.445,51.668,1050,9.9,98,-118.357558966622321,143.34045665681219361,circle,,9.9,newsites,false,2.5819888974716112,1,up,Ulpia Traiana Tricensimae,Col. Ulpia Traiana,10000,0,orbcities
6.002,47.224,1051,9.9,8,-123.087346090975956,95.89311132808195737,circle,,9.9,newsites,false,2.3094010767585029,1,up,Vesontio,Besontio (Besan√ßon),8000,0,orbcities
0.354,46.571,1052,9.9,337,-183.389462746391814,88.92121292581806813,circle,,9.9,newsites,false,2.3094010767585029,1,up,Limonum,0,8000,0,orbcities
13.174,32.897,1053,9.9,299,-46.513907590153956,-57.07226142725497198,circle,,9.9,newsites,false,2.5819888974716112,1,up,Oea,Oea,10000,0,orbcities
12.825,37.583,1054,9.9,253,-50.240082999633444,-7.04114976874244469,circle,,9.9,newsites,false,2.3094010767585029,1,up,Selinus,0,8000,0,orbcities
13.512,41.545,1055,9.9,291,-42.905176104755476,35.26001634116510530,circle,,9.9,newsites,false,3.1622776601683795,1,up,Fregellanum,0,15000,0,orbcities
3.0,43.197,1056,9.9,128,-155.138860644722115,52.89795839405942246,circle,,9.9,newsites,false,3.6514837167011076,1,up,Narbo,Narbo Martius,20000,0,orbcities
32.905,24.095,1057,9.9,191,164.148462050074528,-151.04875413280922203,circle,,9.9,newsites,false,4.3011626335213133,1,up,Syene,Syene,27750,0,orbcities
38.146,40.151,1058,9.9,112,220.105153514492827,20.37666814398918547,circle,,9.9,newsites,false,2.5819888974716112,1,up,Nicopolis (Pontus),0,10000,0,orbcities
34.252,31.289,1059,9.9,359,178.530004389813428,-74.24042778382518293,circle,,9.9,newsites,false,2.5819888974716112,1,up,Raphia,0,10000,0,orbcities
-0.872,41.646,1060,9.9,214,-196.479121921239511,36.33836509863623832,circle,,9.9,newsites,false,2.3094010767585029,1,up,Caesaraugusta,0,8000,0,orbcities
29.924,40.77,1061,9.9,246,132.321158624119363,26.98555805363904270,circle,,9.9,newsites,false,2.5819888974716112,1,up,Nicomedia,0,10000,0,orbcities
-2.262,51.867,1062,9.9,194,-211.319763236931465,145.46512401064143205,circle,,9.9,newsites,false,2.1602468994692869,1,up,Glevum,0,7000,0,orbcities
-0.63,45.749,1063,9.9,319,-193.895355591457161,80.14494878085497476,circle,,9.9,newsites,false,2.3094010767585029,1,up,Mediolanum (Gaul),0,8000,0,orbcities
34.65,31.8,1064,9.9,258,182.779339097471933,-68.78462367424347690,circle,,9.9,newsites,false,2.5819888974716112,1,up,Azotus Paralios,0,10000,0,orbcities
12.466,42.411,1065,9.9,334,-54.073025612822946,44.50605618245231199,circle,,9.9,newsites,false,3.1622776601683795,1,up,Ocriculum,0,15000,0,orbcities
35.077,32.926,1066,9.9,243,187.338298695889534,-56.76263653649589003,circle,,9.9,newsites,false,2.5819888974716112,1,up,Ake-Ptolemais,0,10000,0,orbcities
28.855,28.338,1067,9.9,304,120.907744547518888,-105.74742959865029945,circle,,9.9,newsites,false,3.0550504633038935,1,up,Oasis Parva,0,14000,0,orbcities
9.11,39.215,1068,9.9,51,-89.904099177903618,10.38325787673188216,circle,,9.9,newsites,false,2.0000000000000000,1,up,Caralis,Caralis,6000,0,orbcities
35.82,40.648,1069,9.9,128,195.271101931543598,25.68299816837687644,circle,,9.9,newsites,false,2.5819888974716112,1,up,Amaseia,0,10000,0,orbcities
14.242,41.085,1070,9.9,220,-35.111170233924454,30.34872497050445972,circle,,9.9,newsites,false,4.4721359549995796,1,up,Capua,Capua,30000,0,orbcities
12.437,37.798,1071,9.9,96,-54.382650503581985,-4.74565488897710885,circle,,9.9,newsites,false,2.3094010767585029,1,up,Lilybaeum,0,8000,0,orbcities
9.187,45.463,1072,9.9,157,-89.081991709336506,77.09140675474856153,circle,,9.9,newsites,false,4.4721359549995796,1,up,Mediolanum,Mediolanum,30000,0,orbcities
28.768,44.552,1073,9.9,198,119.978869875241770,67.36491449676627497,circle,,9.9,newsites,false,2.3094010767585029,1,up,Histria,0,8000,0,orbcities
14.23,41.593,1074,9.9,14,-35.239290878376480,35.77249891897319145,circle,,9.9,newsites,false,3.1622776601683795,1,up,Aesernia,0,15000,0,orbcities
27.24,37.08,1075,9.9,25,103.664841148351613,-12.41154011535614643,circle,,9.9,newsites,false,2.5819888974716112,1,up,Myndos,0,10000,0,orbcities
36.484,32.517,1076,9.9,251,202.360444257888531,-61.12941516823545385,circle,,9.9,newsites,false,2.5819888974716112,1,up,Bostra,Bosra,10000,0,orbcities
20.079,32.135,1077,9.9,104,27.208846571610671,-65.20792234995803938,circle,,9.9,newsites,false,2.5819888974716112,1,up,Euesperides,Berenice,10000,0,orbcities
8.742,36.564,1078,9.9,286,-93.833132274432117,-17.92072782679284515,circle,,9.9,newsites,false,2.5819888974716112,1,up,Bulla Regia,Simitthus,10000,0,orbcities
31.804,26.477,1079,9.9,120,152.393392921601986,-125.61680620908389017,circle,,9.9,newsites,false,9.1287092917527684,1,up,Ptolemais Hermiou,Ptolemais,125000,0,orbcities
22.966,40.635,1080,9.9,222,58.032538282691696,25.54420080355380307,circle,,9.9,newsites,false,4.4721359549995796,1,up,Thessalonica,Thessalonica,30000,0,orbcities
31.517,30.582,1081,9.9,51,149.329174175124592,-81.78886908612317086,circle,,9.9,newsites,false,4.1553178779326458,1,up,Boubastis,Bubastis,25900,0,orbcities
22.442,38.902,1082,9.9,203,52.437936808286956,7.04144440060842047,circle,,9.9,newsites,false,2.5819888974716112,1,up,Lamia,0,10000,0,orbcities
9.698,45.051,1083,9.9,121,-83.626187599754786,72.69259796189599854,circle,,9.9,newsites,false,3.1622776601683795,1,up,Placentia,0,15000,0,orbcities
32.568,29.958,1084,9.9,99,160.550407285047044,-88.45114259762806341,circle,,9.9,newsites,false,5.4772255750516612,1,up,Clysma,Arsinoe,45000,0,orbcities
-1.113,53.954,1085,9.9,132,-199.052211530650851,167.74743942492136739,circle,,9.9,newsites,false,2.1602468994692869,1,up,Eburacum,0,7000,0,orbcities
34.888,31.62,1086,9.9,55,185.320398545770274,-70.70643334102372535,circle,,9.9,newsites,false,2.5819888974716112,1,up,Eleutheropolis,0,10000,0,orbcities
37.152,36.219,1087,9.9,209,209.492493465717445,-21.60419635478831424,circle,,9.9,newsites,false,2.5819888974716112,1,up,Beroia,0,10000,0,orbcities
11.985,42.644,1088,9.9,209,-59.208528111274617,46.99373202889560019,circle,,9.9,newsites,false,3.1622776601683795,1,up,Volsinii,0,15000,0,orbcities
18.145,47.737,1089,9.9,47,6.560069374093965,101.37026887840573863,circle,,9.9,newsites,false,2.0000000000000000,1,up,Brigetio,Brigetio,6000,0,orbcities
25.235,39.932,1090,9.9,209,82.258016804493835,18.03846638273986613,circle,,9.9,newsites,false,2.5819888974716112,1,up,Hephaistia,0,10000,0,orbcities
30.547,36.52,1091,9.9,121,138.972755415253260,-18.39050352311687320,circle,,9.9,newsites,false,2.5819888974716112,1,up,Phaselis,0,10000,0,orbcities
8.459,35.573,1092,9.9,63,-96.854644139425531,-28.50135771445522437,circle,,9.9,newsites,false,2.5819888974716112,1,up,Ammaedara,Ammaedara,10000,0,orbcities
6.262,35.489,1093,9.9,303,-120.311398794515569,-29.39820222561937513,circle,,9.9,newsites,false,2.5819888974716112,1,up,Lambaesis,Lambaesis (viC),10000,0,orbcities
19.609,44.965,1094,9.9,183,22.190787997240026,71.77440000998988978,circle,,9.9,newsites,false,2.4494897427831779,1,up,Sirmium,Sirmium,9000,0,orbcities
10.92,33.68,1095,9.9,325,-70.579235306391098,-48.71238937676086778,circle,,9.9,newsites,false,2.5819888974716112,1,up,Meninge,Meninx,10000,0,orbcities
20.469,44.818,1096,9.9,223,31.372767516301220,70.20492211545263217,circle,,9.9,newsites,false,1.8257418583505538,1,up,Singidunum,0,5000,0,orbcities
16.373,48.21,1097,9.9,354,-12.359079123320486,106.42035761388937942,circle,,9.9,newsites,false,3.1622776601683795,1,up,Vindobona,Vindobona,15000,0,orbcities
25.09,31.75,1098,9.9,82,80.709892350698638,-69.31845969279355302,circle,,9.9,newsites,false,3.0550504633038935,1,up,Petras Megas,0,14000,0,orbcities
13.582,37.309,1099,9.9,1,-42.157805678785380,-9.96657115039683639,circle,,9.9,newsites,false,5.7735026918962582,1,up,Agrigentum,Akragas,50000,0,orbcities
13.83,41.492,1100,9.9,55,-39.509979026777039,34.69415016150198738,circle,,9.9,newsites,false,3.1622776601683795,1,up,Casinum,0,15000,0,orbcities
35.502,38.721,1101,9.9,339,191.875904853565174,5.10895801345712020,circle,,9.9,newsites,false,2.5819888974716112,1,up,Caesarea (Cappadocia),0,10000,0,orbcities
36.968,41.215,1102,9.9,310,207.527976917453230,31.73669861873466758,circle,,9.9,newsites,false,2.5819888974716112,1,up,Themiskyra,0,10000,0,orbcities
16.621,47.234,1103,9.9,238,-9.711252471312168,95.99987853179203512,circle,,9.9,newsites,false,2.5819888974716112,1,up,Savaria,Savaria,10000,0,orbcities
12.797,41.963,1104,9.9,151,-50.539031170021474,39.72288545624368084,circle,,9.9,newsites,false,3.1622776601683795,1,up,Tibur,0,15000,0,orbcities
23.318,38.321,1105,9.9,108,61.790743853284191,0.83826986505657830,circle,,9.9,newsites,false,2.5819888974716112,1,up,Thebae,0,10000,0,orbcities
5.727,36.322,1106,9.9,339,-126.023444193001325,-20.50449415657515573,circle,,9.9,newsites,false,2.5819888974716112,1,up,Cuicul,Cuicul,10000,0,orbcities
29.156,40.432,1107,9.9,317,124.121437379190297,23.37682656824056338,circle,,9.9,newsites,false,2.5819888974716112,1,up,Prusias,0,10000,0,orbcities
23.721,37.974,1108,9.9,335,66.093462162797735,-2.86655210368091895,circle,,9.9,newsites,false,7.7459666924148340,1,up,Athenae,Athens,90000,0,orbcities
10.7,34.67,1109,9.9,343,-72.928113788011402,-38.14243620946946578,circle,,9.9,newsites,false,2.5819888974716112,1,up,Thaenae,Thaenae,10000,0,orbcities
25.333,36.717,1110,9.9,144,83.304335400851969,-16.28718961002964605,circle,,9.9,newsites,false,2.5819888974716112,1,up,Ios,0,10000,0,orbcities
-5.558,34.085,1111,9.9,206,-246.510233579752054,-44.38831762650529100,circle,,9.9,newsites,false,2.5819888974716112,1,up,Volubilis,Volubilis,10000,0,orbcities
7.427677,36.4643305,1112,9.9,317,-107.865791422607799,-18.98487120781034321,circle,,9.9,newsites,false,2.5819888974716112,1,up,Calama,0,10000,0,wilcities
-9.490833769281309,33.09914,1113,9.9,329,-288.500000000000000,-54.91406917146074562,circle,,9.9,newsites,false,4.0824829046386304,1,up,Seleucia on Tigris,0,25000,0,wilcities
22.718116,37.728203,1114,9.9,24,55.385950130246357,-5.49085794071190580,circle,,9.9,newsites,false,2.5819888974716112,1,up,Argos,0,10000,0,wilcities
0.5,44.5,1115,9.9,327,-181.830661572225608,66.80972503747420888,circle,,9.9,newsites,false,1.8257418583505538,1,up,Turones,0,5000,0,wilcities
31.5168555,30.9356335,1116,9.9,251,149.327631389030955,-78.01322309280463685,circle,,9.9,newsites,false,3.7735924528226414,1,up,Thmuis,0,21360,0,wilcities
31.1701745,36.939091,1117,9.9,45,145.626215294091878,-13.91598610611358744,circle,,9.9,newsites,false,2.0000000000000000,1,up,Aspendus/Primoupolis,0,6000,0,wilcities
24.946943,35.062107,1118,9.9,212,79.182512764584303,-33.95601941495726805,circle,,9.9,newsites,false,3.8729833462074170,1,up,Gortyn,0,22500,0,wilcities
31.18425,30.4707015,1119,9.9,261,145.776495471673854,-82.97717204833507765,circle,,9.9,newsites,false,4.8407988321488151,1,up,Athribis,0,35150,0,wilcities
24.01869,35.515775,1120,9.9,71,69.271815050041127,-29.11233303768580427,circle,,9.9,newsites,false,2.9154759474226504,1,up,Kydonia,0,12750,0,wilcities
6.1344055,35.7366345,1121,9.9,42,-121.673689591893321,-26.75427791490658791,circle,,9.9,newsites,false,2.5819888974716112,1,up,Diana Veteran.,0,10000,0,wilcities
3.284003,48.198029,1122,9.9,178,-152.106640029196626,106.29254659432810115,circle,,9.9,newsites,false,2.3094010767585029,1,up,Senones,0,8000,0,wilcities
26.77774005,38.36785825,1123,9.9,169,98.729420923488533,1.33856229738105070,circle,,9.9,newsites,false,3.4205262752974139,1,up,Clazomenae,0,17550,0,wilcities
15.562997,46.767482,1124,9.9,286,-21.007254653992746,91.01899629775319056,circle,,9.9,newsites,false,2.1602468994692869,1,up,Flavia Solva,0,7000,0,wilcities
10.874928,35.6745935,1125,9.9,224,-71.060456446952855,-27.41667232344389404,circle,,9.9,newsites,false,2.5819888974716112,1,up,Leptiminus,0,10000,0,wilcities
3.217941,43.3416765,1126,9.9,243,-152.811965530345702,54.44262892881455684,circle,,9.9,newsites,false,2.3094010767585029,1,up,Baeterrae,0,8000,0,wilcities
7.655351,36.193186,1127,9.9,327,-105.434979788860417,-21.87980521444538695,circle,,9.9,newsites,false,2.5819888974716112,1,up,Thubursicu Num.,0,10000,0,wilcities
3.049726,36.766025,1128,9.9,167,-154.607950047553715,-15.76376339384129999,circle,,9.9,newsites,false,2.5819888974716112,1,up,Icosium,0,10000,0,wilcities
10.172291,36.607458,1129,9.9,255,-78.562315218272175,-17.45673891290985580,circle,,9.9,newsites,false,2.5819888974716112,1,up,Uthina,0,10000,0,wilcities
9.904448,36.40112,1130,9.9,331,-81.422000032602298,-19.65975204082156580,circle,,9.9,newsites,false,2.5819888974716112,1,up,Thuburbo Maius,0,10000,0,wilcities
11.042848,35.622554,1131,9.9,228,-69.267621562254320,-27.97228351319061446,circle,,9.9,newsites,false,2.5819888974716112,1,up,Thapsus,0,10000,0,wilcities
24.149388,35.466552,1132,9.9,66,70.667241049090265,-29.63787324450758121,circle,,9.9,newsites,false,1.8708286933869707,1,up,Aptera,0,5250,0,wilcities
30.695398,37.4958065,1133,9.9,147,140.557159364869108,-7.97209038641133283,circle,,9.9,newsites,false,1.9748417658131499,1,up,Cremna/Col. Iulia Augusta Felix,0,5850,0,wilcities
8.8174835,35.1675925,1134,9.9,113,-93.027216052307651,-32.82978022826199549,circle,,9.9,newsites,false,2.5819888974716112,1,up,Cillium,0,10000,0,wilcities
31.299944,39.027274,1135,9.9,82,147.011727958276509,8.37895986836522155,circle,,9.9,newsites,false,2.5099800796022267,1,up,Amorium,0,9450,0,wilcities
2.440944,36.593951,1136,9.9,276,-161.107745228452671,-17.60094937496101508,circle,,9.9,newsites,false,2.5819888974716112,1,up,Tipasa,0,10000,0,wilcities
10.061305,37.055611,1137,9.9,125,-79.747281705368124,-12.67193464848449302,circle,,9.9,newsites,false,2.5819888974716112,1,up,Utica (88 ha),0,10000,0,wilcities
32.8877,34.6642,1138,9.9,17,163.963754787656228,-38.20436118762128075,circle,,9.9,newsites,false,2.5819888974716112,1,up,Kourion,0,10000,0,wilcities
32.099207,30.553048,1139,9.9,27,155.545235512164197,-82.09798149430440617,circle,,9.9,newsites,false,2.2211108331943574,1,up,Heroonpolis,0,7400,0,wilcities
33.9214625,36.379274,1140,9.9,30,175.000947930183486,-19.89299567404642488,circle,,9.9,newsites,false,2.0736441353327719,1,up,Seleucia ad Calycadnum/Tracheia,0,6450,0,wilcities
10.675031,33.536125,1141,9.9,348,-73.194700818954928,-50.24850252013870744,circle,,9.9,newsites,false,2.5819888974716112,1,up,Gigthis,0,10000,0,wilcities
8.831793,35.94384,1142,9.9,36,-92.874437522158800,-24.54200273207305472,circle,,9.9,newsites,false,2.5819888974716112,1,up,Althiburos,0,10000,0,wilcities
23.323961,45.669615,1143,9.9,96,61.854387783415717,79.29737733420300572,circle,,9.9,newsites,false,3.1622776601683795,1,up,Sarmizegetusa,0,15000,0,wilcities
31.875853,30.9762675,1144,9.9,77,153.160547310419560,-77.57938523724939728,circle,,9.9,newsites,false,4.6722585544894661,1,up,Tanis,0,32745,0,wilcities
31.1258615,37.223956,1145,9.9,340,145.153097784291646,-10.87456215762824030,circle,,9.9,newsites,false,2.4289915602982237,1,up,Selge,0,8850,0,wilcities
4.071226,45.591982,1146,9.9,95,-143.701680188575779,78.46851150164106059,circle,,9.9,newsites,false,2.3094010767585029,1,up,Aquae Sextiae,0,8000,0,wilcities
22.2008085,40.520926,1147,9.9,88,49.862802606924582,24.32626460395223944,circle,,9.9,newsites,false,3.1622776601683795,1,up,Beroea,0,15000,0,wilcities
24.8141725,35.0511785,1148,9.9,8,77.764959262566265,-34.07269995353173897,circle,,9.9,newsites,false,2.2730302828309759,1,up,Phaistos,0,7750,0,wilcities
20.565847,32.537142,1149,9.9,36,32.406775854071597,-60.91436466652274362,circle,,9.9,newsites,false,2.0000000000000000,1,up,Tocra,0,6000,0,wilcities
8.933123,35.283657,1150,9.9,197,-91.792565446965227,-31.59059201676190298,circle,,9.9,newsites,false,2.5819888974716112,1,up,Ksar el-Guell.,0,10000,0,wilcities
14.258722,37.063029,1151,9.9,320,-34.932634115880575,-12.59273473677239075,circle,,9.9,newsites,false,4.4721359549995796,1,up,Gela,0,30000,0,wilcities
11.0400653,35.3947171,1152,9.9,206,-69.297331672030694,-30.40483438468642063,circle,,9.9,newsites,false,2.5819888974716112,1,up,Sullecthum,0,10000,0,wilcities
21.4124805,42.0084425,1153,9.9,110,41.446044990293792,40.20806232170291139,circle,,9.9,newsites,false,2.1602468994692869,1,up,Scupi,0,7000,0,wilcities
31.326702,26.937588,1154,9.9,219,147.297415641963767,-120.69923692684508865,circle,,9.9,newsites,false,2.2565460332109337,1,up,Apollonopolis Heptacomias,0,7638,0,wilcities
33.632745,34.920211,1155,9.9,348,171.918391916468920,-35.47100332872083328,circle,,9.9,newsites,false,2.5819888974716112,1,up,Kition,0,10000,0,wilcities
1.310964,36.510044,1156,9.9,356,-173.172225713276845,-18.49680095113059153,circle,,9.9,newsites,false,2.5819888974716112,1,up,Cartenna,0,10000,0,wilcities
13.431685,46.093107,1157,9.9,113,-43.762676901352464,83.81888299755915739,circle,,9.9,newsites,false,2.5819888974716112,1,up,Forum Julii,0,10000,0,wilcities
9.873108,37.276147,1158,9.9,196,-81.756608449029486,-10.31733344474529979,circle,,9.9,newsites,false,2.5819888974716112,1,up,Hippo Diarr.,0,10000,0,wilcities
28.144999,37.903405,1159,9.9,172,113.327262407387508,-3.62027517827173329,circle,,9.9,newsites,false,2.3664319132398464,1,up,Nysa/Athymbra,0,8400,0,wilcities
10.707584,35.2960575,1160,9.9,341,-72.847141540717715,-31.45819534580124355,circle,,9.9,newsites,false,5.4772255750516612,1,up,Thysdrus,0,45000,0,wilcities
9.20696465,35.85385845,1161,9.9,11,-88.868834723981593,-25.50271057997238344,circle,,9.9,newsites,false,2.5819888974716112,1,up,Mactaris,0,10000,0,wilcities
7.902716,36.077735,1162,9.9,339,-102.793932854287661,-23.11244325799787092,circle,,9.9,newsites,false,2.5819888974716112,1,up,Madauros,0,10000,0,wilcities
5.858672,51.84167,1163,9.9,251,-124.617619068310830,145.19468268364400387,circle,,9.9,newsites,false,1.8257418583505538,1,up,Ulpia Noviomagus Batavorum,0,5000,0,wilcities
8.850947,39.810711,1164,9.9,129,-92.669935620172637,16.74349764566143151,circle,,9.9,newsites,false,1.8257418583505538,1,up,Atuatuca Tungrorum,0,5000,0,wilcities
16.11724,45.773624,1165,9.9,259,-15.089757125407827,80.40785234327046282,circle,,9.9,newsites,false,2.0000000000000000,1,up,Andautonia,0,6000,0,wilcities
29.784475,36.159001,1166,9.9,99,130.831489214355400,-22.24478890032800393,circle,,9.9,newsites,false,3.0000000000000000,1,up,Aphrodisias/Ninoe,0,13500,0,wilcities
27.525011,37.501842,1167,9.9,309,106.707823898011100,-7.90765104061212210,circle,,9.9,newsites,false,3.1464265445104549,1,up,Heraclea ad Latmum/Pleistarcheia,0,14850,0,wilcities
